generation,time_elapsed,population,mean_fitness,best_fitness,best_sample
0,156.97740817070007,66,-24.755681818181817,-3.125,"[-7.636410158099602, -5.289945697148861, -1.882124283690505, -4.975148150421651, -1.701047943799317, 7.868744892576615, 3.9166519184732103, 6.337684467437011, 4.4234049016361325, 1.2589507924678962, 6.401783861312502, -7.543752886934783, -1.8591074526400497, -8.928997965329588, -6.43569418290501, -4.530507363337004, 8.699927098013287, -6.509241118388016, -7.206145512039443, 0.07572489321879772, 6.291185934210294]"
1,168.17923164367676,102,-24.080882352941178,-2.0,"[-7.636410158099602, -5.289945697148861, -1.882124283690505, -4.975148150421651, -1.701047943799317, 7.868744892576615, 3.9166519184732103, 6.337684467437011, 4.4234049016361325, 1.2589507924678962, 6.401783861312502, -7.543752886934783, -1.8591074526400497, -8.928997965329588, -6.43569418290501, -4.530507363337004, 8.699927098013287, -6.509241118388016, -7.206145512039443, 0.07572489321879772, 6.291185934210294]"
2,166.21447801589966,140,-23.669940476190476,-2.0,"[-7.636410158099602, -5.289945697148861, -1.882124283690505, -4.975148150421651, -1.701047943799317, 7.868744892576615, 3.9166519184732103, 6.337684467437011, 4.4234049016361325, 1.2589507924678962, 6.401783861312502, -7.543752886934783, -1.8591074526400497, -8.928997965329588, -6.43569418290501, -4.530507363337004, 8.699927098013287, -6.509241118388016, -7.206145512039443, 0.07572489321879772, 6.291185934210294]"
3,271.78628158569336,179,-22.980679702048416,-2.0,"[-7.636410158099602, -5.289945697148861, -1.882124283690505, -4.975148150421651, -1.701047943799317, 7.868744892576615, 3.9166519184732103, 6.337684467437011, 4.4234049016361325, 1.2589507924678962, 6.401783861312502, -7.543752886934783, -1.8591074526400497, -8.928997965329588, -6.43569418290501, -4.530507363337004, 8.699927098013287, -6.509241118388016, -7.206145512039443, 0.07572489321879772, 6.291185934210294]"
4,244.4376413822174,209,-22.45414673046252,1.625,"[-9.372469509322347, 0.46368505725981635, 2.808982504187675, 1.7899462602846867, -7.27161456987877, 7.7946244891532785, 2.7661241305627353, 5.984294457553375, -9.64638299103629, -3.697821497969973, -6.523501212656551, 4.451042109162016, -0.6129829968588467, -0.05324704241989231, -0.8156763826990918, -8.261953808910203, -4.122209196379938, 8.062161570960061, 1.1356860763085166, 6.009802532035888, -4.587725943574781]"
5,371.19340348243713,232,-22.18444683908046,1.625,"[-9.372469509322347, 0.46368505725981635, 2.808982504187675, 1.7899462602846867, -7.27161456987877, 7.7946244891532785, 2.7661241305627353, 5.984294457553375, -9.64638299103629, -3.697821497969973, -6.523501212656551, 4.451042109162016, -0.6129829968588467, -0.05324704241989231, -0.8156763826990918, -8.261953808910203, -4.122209196379938, 8.062161570960061, 1.1356860763085166, 6.009802532035888, -4.587725943574781]"
6,256.1441128253937,258,-21.981589147286822,1.625,"[-9.372469509322347, 0.46368505725981635, 2.808982504187675, 1.7899462602846867, -7.27161456987877, 7.7946244891532785, 2.7661241305627353, 5.984294457553375, -9.64638299103629, -3.697821497969973, -6.523501212656551, 4.451042109162016, -0.6129829968588467, -0.05324704241989231, -0.8156763826990918, -8.261953808910203, -4.122209196379938, 8.062161570960061, 1.1356860763085166, 6.009802532035888, -4.587725943574781]"
7,196.02055478096008,285,-21.721198830409357,1.625,"[-9.372469509322347, 0.46368505725981635, 2.808982504187675, 1.7899462602846867, -7.27161456987877, 7.7946244891532785, 2.7661241305627353, 5.984294457553375, -9.64638299103629, -3.697821497969973, -6.523501212656551, 4.451042109162016, -0.6129829968588467, -0.05324704241989231, -0.8156763826990918, -8.261953808910203, -4.122209196379938, 8.062161570960061, 1.1356860763085166, 6.009802532035888, -4.587725943574781]"
8,255.31862807273865,302,-21.595888520971304,1.625,"[-9.372469509322347, 0.46368505725981635, 2.808982504187675, 1.7899462602846867, -7.27161456987877, 7.7946244891532785, 2.7661241305627353, 5.984294457553375, -9.64638299103629, -3.697821497969973, -6.523501212656551, 4.451042109162016, -0.6129829968588467, -0.05324704241989231, -0.8156763826990918, -8.261953808910203, -4.122209196379938, 8.062161570960061, 1.1356860763085166, 6.009802532035888, -4.587725943574781]"
9,381.53195810317993,316,-21.466376582278482,1.625,"[-9.372469509322347, 0.46368505725981635, 2.808982504187675, 1.7899462602846867, -7.27161456987877, 7.7946244891532785, 2.7661241305627353, 5.984294457553375, -9.64638299103629, -3.697821497969973, -6.523501212656551, 4.451042109162016, -0.6129829968588467, -0.05324704241989231, -0.8156763826990918, -8.261953808910203, -4.122209196379938, 8.062161570960061, 1.1356860763085166, 6.009802532035888, -4.587725943574781]"
10,340.73817706108093,331,-21.17472306143001,1.625,"[-9.372469509322347, 0.46368505725981635, 2.808982504187675, 1.7899462602846867, -7.27161456987877, 7.7946244891532785, 2.7661241305627353, 5.984294457553375, -9.64638299103629, -3.697821497969973, -6.523501212656551, 4.451042109162016, -0.6129829968588467, -0.05324704241989231, -0.8156763826990918, -8.261953808910203, -4.122209196379938, 8.062161570960061, 1.1356860763085166, 6.009802532035888, -4.587725943574781]"
11,398.90226554870605,351,-21.185778727445395,1.625,"[-9.372469509322347, 0.46368505725981635, 2.808982504187675, 1.7899462602846867, -7.27161456987877, 7.7946244891532785, 2.7661241305627353, 5.984294457553375, -9.64638299103629, -3.697821497969973, -6.523501212656551, 4.451042109162016, -0.6129829968588467, -0.05324704241989231, -0.8156763826990918, -8.261953808910203, -4.122209196379938, 8.062161570960061, 1.1356860763085166, 6.009802532035888, -4.587725943574781]"
12,198.84658861160278,364,-21.017857142857142,1.625,"[-9.372469509322347, 0.46368505725981635, 2.808982504187675, 1.7899462602846867, -7.27161456987877, 7.7946244891532785, 2.7661241305627353, 5.984294457553375, -9.64638299103629, -3.697821497969973, -6.523501212656551, 4.451042109162016, -0.6129829968588467, -0.05324704241989231, -0.8156763826990918, -8.261953808910203, -4.122209196379938, 8.062161570960061, 1.1356860763085166, 6.009802532035888, -4.587725943574781]"
13,350.45607018470764,371,-20.74966307277628,1.625,"[-9.372469509322347, 0.46368505725981635, 2.808982504187675, 1.7899462602846867, -7.27161456987877, 7.7946244891532785, 2.7661241305627353, 5.984294457553375, -9.64638299103629, -3.697821497969973, -6.523501212656551, 4.451042109162016, -0.6129829968588467, -0.05324704241989231, -0.8156763826990918, -8.261953808910203, -4.122209196379938, 8.062161570960061, 1.1356860763085166, 6.009802532035888, -4.587725943574781]"
14,248.32650113105774,382,-20.57569808027923,1.625,"[-9.372469509322347, 0.46368505725981635, 2.808982504187675, 1.7899462602846867, -7.27161456987877, 7.7946244891532785, 2.7661241305627353, 5.984294457553375, -9.64638299103629, -3.697821497969973, -6.523501212656551, 4.451042109162016, -0.6129829968588467, -0.05324704241989231, -0.8156763826990918, -8.261953808910203, -4.122209196379938, 8.062161570960061, 1.1356860763085166, 6.009802532035888, -4.587725943574781]"
15,185.39166474342346,390,-20.37136752136752,1.625,"[-9.372469509322347, 0.46368505725981635, 2.808982504187675, 1.7899462602846867, -7.27161456987877, 7.7946244891532785, 2.7661241305627353, 5.984294457553375, -9.64638299103629, -3.697821497969973, -6.523501212656551, 4.451042109162016, -0.6129829968588467, -0.05324704241989231, -0.8156763826990918, -8.261953808910203, -4.122209196379938, 8.062161570960061, 1.1356860763085166, 6.009802532035888, -4.587725943574781]"
16,245.3667802810669,400,-20.297291666666666,1.625,"[-9.372469509322347, 0.46368505725981635, 2.808982504187675, 1.7899462602846867, -7.27161456987877, 7.7946244891532785, 2.7661241305627353, 5.984294457553375, -9.64638299103629, -3.697821497969973, -6.523501212656551, 4.451042109162016, -0.6129829968588467, -0.05324704241989231, -0.8156763826990918, -8.261953808910203, -4.122209196379938, 8.062161570960061, 1.1356860763085166, 6.009802532035888, -4.587725943574781]"
17,259.9455180168152,406,-20.211925287356323,1.625,"[-9.372469509322347, 0.46368505725981635, 2.808982504187675, 1.7899462602846867, -7.27161456987877, 7.7946244891532785, 2.7661241305627353, 5.984294457553375, -9.64638299103629, -3.697821497969973, -6.523501212656551, 4.451042109162016, -0.6129829968588467, -0.05324704241989231, -0.8156763826990918, -8.261953808910203, -4.122209196379938, 8.062161570960061, 1.1356860763085166, 6.009802532035888, -4.587725943574781]"
18,202.74793672561646,413,-20.10230024213075,1.625,"[-9.372469509322347, 0.46368505725981635, 2.808982504187675, 1.7899462602846867, -7.27161456987877, 7.7946244891532785, 2.7661241305627353, 5.984294457553375, -9.64638299103629, -3.697821497969973, -6.523501212656551, 4.451042109162016, -0.6129829968588467, -0.05324704241989231, -0.8156763826990918, -8.261953808910203, -4.122209196379938, 8.062161570960061, 1.1356860763085166, 6.009802532035888, -4.587725943574781]"
19,344.82037925720215,421,-19.989212193190816,1.625,"[-7.636410158099602, -5.289945697148861, -1.882124283690505, -4.975148150421651, -1.701047943799317, 7.868744892576615, 3.9166519184732103, 6.337684467437011, 4.4234049016361325, 1.2589507924678962, 6.401783861312502, -7.543752886934783, -1.8591074526400497, -8.928997965329588, -6.43569418290501, -4.530507363337004, 8.699927098013287, -6.509241118388016, -7.206145512039443, 0.07572489321879772, 6.291185934210294]"
20,190.24659419059753,424,-19.762283805031448,1.625,"[-7.636410158099602, -5.289945697148861, -1.882124283690505, -4.975148150421651, -1.701047943799317, 7.868744892576615, 3.9166519184732103, 6.337684467437011, 4.4234049016361325, 1.2589507924678962, 6.401783861312502, -7.543752886934783, -1.8591074526400497, -8.928997965329588, -6.43569418290501, -4.530507363337004, 8.699927098013287, -6.509241118388016, -7.206145512039443, 0.07572489321879772, 6.291185934210294]"
21,343.4410228729248,427,-19.688622170179546,1.625,"[-7.636410158099602, -5.289945697148861, -1.882124283690505, -4.975148150421651, -1.701047943799317, 7.868744892576615, 3.9166519184732103, 6.337684467437011, 4.4234049016361325, 1.2589507924678962, 6.401783861312502, -7.543752886934783, -1.8591074526400497, -8.928997965329588, -6.43569418290501, -4.530507363337004, 8.699927098013287, -6.509241118388016, -7.206145512039443, 0.07572489321879772, 6.291185934210294]"
22,209.6268322467804,428,-19.52433800623053,1.625,"[-7.636410158099602, -5.289945697148861, -1.882124283690505, -4.975148150421651, -1.701047943799317, 7.868744892576615, 3.9166519184732103, 6.337684467437011, 4.4234049016361325, 1.2589507924678962, 6.401783861312502, -7.543752886934783, -1.8591074526400497, -8.928997965329588, -6.43569418290501, -4.530507363337004, 8.699927098013287, -6.509241118388016, -7.206145512039443, 0.07572489321879772, 6.291185934210294]"
23,488.6885371208191,433,-19.48903002309469,1.625,"[-7.636410158099602, -5.289945697148861, -1.882124283690505, -4.975148150421651, -1.701047943799317, 7.868744892576615, 3.9166519184732103, 6.337684467437011, 4.4234049016361325, 1.2589507924678962, 6.401783861312502, -7.543752886934783, -1.8591074526400497, -8.928997965329588, -6.43569418290501, -4.530507363337004, 8.699927098013287, -6.509241118388016, -7.206145512039443, 0.07572489321879772, 6.291185934210294]"
24,233.69918489456177,434,-19.41849078341014,1.625,"[-7.636410158099602, -5.289945697148861, -1.882124283690505, -4.975148150421651, -1.701047943799317, 7.868744892576615, 3.9166519184732103, 6.337684467437011, 4.4234049016361325, 1.2589507924678962, 6.401783861312502, -7.543752886934783, -1.8591074526400497, -8.928997965329588, -6.43569418290501, -4.530507363337004, 8.699927098013287, -6.509241118388016, -7.206145512039443, 0.07572489321879772, 6.291185934210294]"
25,291.95778465270996,440,-19.349810606060608,1.625,"[-7.636410158099602, -5.289945697148861, -1.882124283690505, -4.975148150421651, -1.701047943799317, 7.868744892576615, 3.9166519184732103, 6.337684467437011, 4.4234049016361325, 1.2589507924678962, 6.401783861312502, -7.543752886934783, -1.8591074526400497, -8.928997965329588, -6.43569418290501, -4.530507363337004, 8.699927098013287, -6.509241118388016, -7.206145512039443, 0.07572489321879772, 6.291185934210294]"
26,192.2654972076416,444,-19.29007132132132,1.625,"[-7.636410158099602, -5.289945697148861, -1.882124283690505, -4.975148150421651, -1.701047943799317, 7.868744892576615, 3.9166519184732103, 6.337684467437011, 4.4234049016361325, 1.2589507924678962, 6.401783861312502, -7.543752886934783, -1.8591074526400497, -8.928997965329588, -6.43569418290501, -4.530507363337004, 8.699927098013287, -6.509241118388016, -7.206145512039443, 0.07572489321879772, 6.291185934210294]"
27,227.01642632484436,449,-19.253619153674833,1.625,"[-7.636410158099602, -5.289945697148861, -1.882124283690505, -4.975148150421651, -1.701047943799317, 7.868744892576615, 3.9166519184732103, 6.337684467437011, 4.4234049016361325, 1.2589507924678962, 6.401783861312502, -7.543752886934783, -1.8591074526400497, -8.928997965329588, -6.43569418290501, -4.530507363337004, 8.699927098013287, -6.509241118388016, -7.206145512039443, 0.07572489321879772, 6.291185934210294]"
28,188.97079968452454,454,-19.274504405286343,1.625,"[-7.636410158099602, -5.289945697148861, -1.882124283690505, -4.975148150421651, -1.701047943799317, 7.868744892576615, 3.9166519184732103, 6.337684467437011, 4.4234049016361325, 1.2589507924678962, 6.401783861312502, -7.543752886934783, -1.8591074526400497, -8.928997965329588, -6.43569418290501, -4.530507363337004, 8.699927098013287, -6.509241118388016, -7.206145512039443, 0.07572489321879772, 6.291185934210294]"
29,359.87954330444336,457,-19.217633114514953,1.625,"[-7.636410158099602, -5.289945697148861, -1.882124283690505, -4.975148150421651, -1.701047943799317, 7.868744892576615, 3.9166519184732103, 6.337684467437011, 4.4234049016361325, 1.2589507924678962, 6.401783861312502, -7.543752886934783, -1.8591074526400497, -8.928997965329588, -6.43569418290501, -4.530507363337004, 8.699927098013287, -6.509241118388016, -7.206145512039443, 0.07572489321879772, 6.291185934210294]"
30,274.74730157852173,459,-19.207062454611474,1.625,"[-7.636410158099602, -5.289945697148861, -1.882124283690505, -4.975148150421651, -1.701047943799317, 7.868744892576615, 3.9166519184732103, 6.337684467437011, 4.4234049016361325, 1.2589507924678962, 6.401783861312502, -7.543752886934783, -1.8591074526400497, -8.928997965329588, -6.43569418290501, -4.530507363337004, 8.699927098013287, -6.509241118388016, -7.206145512039443, 0.07572489321879772, 6.291185934210294]"
31,234.31421828269958,463,-19.16081713462923,1.625,"[-7.636410158099602, -5.289945697148861, -1.882124283690505, -4.975148150421651, -1.701047943799317, 7.868744892576615, 3.9166519184732103, 6.337684467437011, 4.4234049016361325, 1.2589507924678962, 6.401783861312502, -7.543752886934783, -1.8591074526400497, -8.928997965329588, -6.43569418290501, -4.530507363337004, 8.699927098013287, -6.509241118388016, -7.206145512039443, 0.07572489321879772, 6.291185934210294]"
32,190.22430968284607,464,-19.140625,1.625,"[-7.636410158099602, -5.289945697148861, -1.882124283690505, -4.975148150421651, -1.701047943799317, 7.868744892576615, 3.9166519184732103, 6.337684467437011, 4.4234049016361325, 1.2589507924678962, 6.401783861312502, -7.543752886934783, -1.8591074526400497, -8.928997965329588, -6.43569418290501, -4.530507363337004, 8.699927098013287, -6.509241118388016, -7.206145512039443, 0.07572489321879772, 6.291185934210294]"
33,293.07205033302307,465,-19.03163082437276,1.625,"[-7.636410158099602, -5.289945697148861, -1.882124283690505, -4.975148150421651, -1.701047943799317, 7.868744892576615, 3.9166519184732103, 6.337684467437011, 4.4234049016361325, 1.2589507924678962, 6.401783861312502, -7.543752886934783, -1.8591074526400497, -8.928997965329588, -6.43569418290501, -4.530507363337004, 8.699927098013287, -6.509241118388016, -7.206145512039443, 0.07572489321879772, 6.291185934210294]"
34,390.0993905067444,466,-19.018508583690988,1.625,"[-7.636410158099602, -5.289945697148861, -1.882124283690505, -4.975148150421651, -1.701047943799317, 7.868744892576615, 3.9166519184732103, 6.337684467437011, 4.4234049016361325, 1.2589507924678962, 6.401783861312502, -7.543752886934783, -1.8591074526400497, -8.928997965329588, -6.43569418290501, -4.530507363337004, 8.699927098013287, -6.509241118388016, -7.206145512039443, 0.07572489321879772, 6.291185934210294]"
35,175.50619506835938,469,-19.042999289267946,1.625,"[-7.636410158099602, -5.289945697148861, -1.882124283690505, -4.975148150421651, -1.701047943799317, 7.868744892576615, 3.9166519184732103, 6.337684467437011, 4.4234049016361325, 1.2589507924678962, 6.401783861312502, -7.543752886934783, -1.8591074526400497, -8.928997965329588, -6.43569418290501, -4.530507363337004, 8.699927098013287, -6.509241118388016, -7.206145512039443, 0.07572489321879772, 6.291185934210294]"
36,237.02106523513794,473,-19.054351656095843,1.625,"[-7.636410158099602, -5.289945697148861, -1.882124283690505, -4.975148150421651, -1.701047943799317, 7.868744892576615, 3.9166519184732103, 6.337684467437011, 4.4234049016361325, 1.2589507924678962, 6.401783861312502, -7.543752886934783, -1.8591074526400497, -8.928997965329588, -6.43569418290501, -4.530507363337004, 8.699927098013287, -6.509241118388016, -7.206145512039443, 0.07572489321879772, 6.291185934210294]"
37,276.81393218040466,475,-19.055263157894736,1.625,"[-7.636410158099602, -5.289945697148861, -1.882124283690505, -4.975148150421651, -1.701047943799317, 7.868744892576615, 3.9166519184732103, 6.337684467437011, 4.4234049016361325, 1.2589507924678962, 6.401783861312502, -7.543752886934783, -1.8591074526400497, -8.928997965329588, -6.43569418290501, -4.530507363337004, 8.699927098013287, -6.509241118388016, -7.206145512039443, 0.07572489321879772, 6.291185934210294]"
38,202.65221190452576,480,-18.986197916666665,1.625,"[-7.636410158099602, -5.289945697148861, -1.882124283690505, -4.975148150421651, -1.701047943799317, 7.868744892576615, 3.9166519184732103, 6.337684467437011, 4.4234049016361325, 1.2589507924678962, 6.401783861312502, -7.543752886934783, -1.8591074526400497, -8.928997965329588, -6.43569418290501, -4.530507363337004, 8.699927098013287, -6.509241118388016, -7.206145512039443, 0.07572489321879772, 6.291185934210294]"
39,205.6391727924347,482,-18.981327800829874,1.625,"[-7.636410158099602, -5.289945697148861, -1.882124283690505, -4.975148150421651, -1.701047943799317, 7.868744892576615, 3.9166519184732103, 6.337684467437011, 4.4234049016361325, 1.2589507924678962, 6.401783861312502, -7.543752886934783, -1.8591074526400497, -8.928997965329588, -6.43569418290501, -4.530507363337004, 8.699927098013287, -6.509241118388016, -7.206145512039443, 0.07572489321879772, 6.291185934210294]"
40,192.06818795204163,484,-18.919851928374655,1.625,"[-7.636410158099602, -5.289945697148861, -1.882124283690505, -4.975148150421651, -1.701047943799317, 7.868744892576615, 3.9166519184732103, 6.337684467437011, 4.4234049016361325, 1.2589507924678962, 6.401783861312502, -7.543752886934783, -1.8591074526400497, -8.928997965329588, -6.43569418290501, -4.530507363337004, 8.699927098013287, -6.509241118388016, -7.206145512039443, 0.07572489321879772, 6.291185934210294]"
41,208.2466492652893,486,-18.84259259259259,1.625,"[-7.636410158099602, -5.289945697148861, -1.882124283690505, -4.975148150421651, -1.701047943799317, 7.868744892576615, 3.9166519184732103, 6.337684467437011, 4.4234049016361325, 1.2589507924678962, 6.401783861312502, -7.543752886934783, -1.8591074526400497, -8.928997965329588, -6.43569418290501, -4.530507363337004, 8.699927098013287, -6.509241118388016, -7.206145512039443, 0.07572489321879772, 6.291185934210294]"
42,246.0925223827362,488,-18.813268442622952,1.625,"[-7.636410158099602, -5.289945697148861, -1.882124283690505, -4.975148150421651, -1.701047943799317, 7.868744892576615, 3.9166519184732103, 6.337684467437011, 4.4234049016361325, 1.2589507924678962, 6.401783861312502, -7.543752886934783, -1.8591074526400497, -8.928997965329588, -6.43569418290501, -4.530507363337004, 8.699927098013287, -6.509241118388016, -7.206145512039443, 0.07572489321879772, 6.291185934210294]"
43,206.85522770881653,490,-18.81045918367347,1.875,"[-7.636410158099602, -5.289945697148861, -1.882124283690505, -4.975148150421651, -1.701047943799317, 7.868744892576615, 3.9166519184732103, 6.337684467437011, 4.4234049016361325, 1.2589507924678962, 6.401783861312502, -7.543752886934783, -1.8591074526400497, -8.928997965329588, -6.43569418290501, -4.530507363337004, 8.699927098013287, -6.509241118388016, -7.206145512039443, 0.07572489321879772, 6.291185934210294]"
44,289.2662441730499,494,-18.758097165991902,1.875,"[-7.636410158099602, -5.289945697148861, -1.882124283690505, -4.975148150421651, -1.701047943799317, 7.868744892576615, 3.9166519184732103, 6.337684467437011, 4.4234049016361325, 1.2589507924678962, 6.401783861312502, -7.543752886934783, -1.8591074526400497, -8.928997965329588, -6.43569418290501, -4.530507363337004, 8.699927098013287, -6.509241118388016, -7.206145512039443, 0.07572489321879772, 6.291185934210294]"
45,414.7667877674103,494,-18.69770580296896,1.875,"[-7.636410158099602, -5.289945697148861, -1.882124283690505, -4.975148150421651, -1.701047943799317, 7.868744892576615, 3.9166519184732103, 6.337684467437011, 4.4234049016361325, 1.2589507924678962, 6.401783861312502, -7.543752886934783, -1.8591074526400497, -8.928997965329588, -6.43569418290501, -4.530507363337004, 8.699927098013287, -6.509241118388016, -7.206145512039443, 0.07572489321879772, 6.291185934210294]"
46,362.38102746009827,494,-18.662533738191634,1.875,"[-7.636410158099602, -5.289945697148861, -1.882124283690505, -4.975148150421651, -1.701047943799317, 7.868744892576615, 3.9166519184732103, 6.337684467437011, 4.4234049016361325, 1.2589507924678962, 6.401783861312502, -7.543752886934783, -1.8591074526400497, -8.928997965329588, -6.43569418290501, -4.530507363337004, 8.699927098013287, -6.509241118388016, -7.206145512039443, 0.07572489321879772, 6.291185934210294]"
47,292.0677499771118,496,-18.633064516129032,1.875,"[-7.636410158099602, -5.289945697148861, -1.882124283690505, -4.975148150421651, -1.701047943799317, 7.868744892576615, 3.9166519184732103, 6.337684467437011, 4.4234049016361325, 1.2589507924678962, 6.401783861312502, -7.543752886934783, -1.8591074526400497, -8.928997965329588, -6.43569418290501, -4.530507363337004, 8.699927098013287, -6.509241118388016, -7.206145512039443, 0.07572489321879772, 6.291185934210294]"
48,198.99129939079285,497,-18.61359825620389,1.875,"[-7.636410158099602, -5.289945697148861, -1.882124283690505, -4.975148150421651, -1.701047943799317, 7.868744892576615, 3.9166519184732103, 6.337684467437011, 4.4234049016361325, 1.2589507924678962, 6.401783861312502, -7.543752886934783, -1.8591074526400497, -8.928997965329588, -6.43569418290501, -4.530507363337004, 8.699927098013287, -6.509241118388016, -7.206145512039443, 0.07572489321879772, 6.291185934210294]"
49,205.22266006469727,498,-18.58258032128514,1.875,"[-7.636410158099602, -5.289945697148861, -1.882124283690505, -4.975148150421651, -1.701047943799317, 7.868744892576615, 3.9166519184732103, 6.337684467437011, 4.4234049016361325, 1.2589507924678962, 6.401783861312502, -7.543752886934783, -1.8591074526400497, -8.928997965329588, -6.43569418290501, -4.530507363337004, 8.699927098013287, -6.509241118388016, -7.206145512039443, 0.07572489321879772, 6.291185934210294]"
50,249.11649680137634,500,-18.578583333333334,1.875,"[-7.636410158099602, -5.289945697148861, -1.882124283690505, -4.975148150421651, -1.701047943799317, 7.868744892576615, 3.9166519184732103, 6.337684467437011, 4.4234049016361325, 1.2589507924678962, 6.401783861312502, -7.543752886934783, -1.8591074526400497, -8.928997965329588, -6.43569418290501, -4.530507363337004, 8.699927098013287, -6.509241118388016, -7.206145512039443, 0.07572489321879772, 6.291185934210294]"
51,223.35405325889587,502,-18.597360557768923,1.875,"[-7.636410158099602, -5.289945697148861, -1.882124283690505, -4.975148150421651, -1.701047943799317, 7.868744892576615, 3.9166519184732103, 6.337684467437011, 4.4234049016361325, 1.2589507924678962, 6.401783861312502, -7.543752886934783, -1.8591074526400497, -8.928997965329588, -6.43569418290501, -4.530507363337004, 8.699927098013287, -6.509241118388016, -7.206145512039443, 0.07572489321879772, 6.291185934210294]"
52,280.5858223438263,503,-18.570493704440025,1.875,"[-7.636410158099602, -5.289945697148861, -1.882124283690505, -4.975148150421651, -1.701047943799317, 7.868744892576615, 3.9166519184732103, 6.337684467437011, 4.4234049016361325, 1.2589507924678962, 6.401783861312502, -7.543752886934783, -1.8591074526400497, -8.928997965329588, -6.43569418290501, -4.530507363337004, 8.699927098013287, -6.509241118388016, -7.206145512039443, 0.07572489321879772, 6.291185934210294]"
53,288.5242717266083,504,-18.521329365079364,1.875,"[-7.636410158099602, -5.289945697148861, -1.882124283690505, -4.975148150421651, -1.701047943799317, 7.868744892576615, 3.9166519184732103, 6.337684467437011, 4.4234049016361325, 1.2589507924678962, 6.401783861312502, -7.543752886934783, -1.8591074526400497, -8.928997965329588, -6.43569418290501, -4.530507363337004, 8.699927098013287, -6.509241118388016, -7.206145512039443, 0.07572489321879772, 6.291185934210294]"
54,202.15019583702087,506,-18.441617259552043,1.875,"[-7.636410158099602, -5.289945697148861, -1.882124283690505, -4.975148150421651, -1.701047943799317, 7.868744892576615, 3.9166519184732103, 6.337684467437011, 4.4234049016361325, 1.2589507924678962, 6.401783861312502, -7.543752886934783, -1.8591074526400497, -8.928997965329588, -6.43569418290501, -4.530507363337004, 8.699927098013287, -6.509241118388016, -7.206145512039443, 0.07572489321879772, 6.291185934210294]"
55,322.1782124042511,507,-18.37697238658777,1.875,"[-7.636410158099602, -5.289945697148861, -1.882124283690505, -4.975148150421651, -1.701047943799317, 7.868744892576615, 3.9166519184732103, 6.337684467437011, 4.4234049016361325, 1.2589507924678962, 6.401783861312502, -7.543752886934783, -1.8591074526400497, -8.928997965329588, -6.43569418290501, -4.530507363337004, 8.699927098013287, -6.509241118388016, -7.206145512039443, 0.07572489321879772, 6.291185934210294]"
56,197.701758146286,510,-18.40359477124183,1.875,"[-7.636410158099602, -5.289945697148861, -1.882124283690505, -4.975148150421651, -1.701047943799317, 7.868744892576615, 3.9166519184732103, 6.337684467437011, 4.4234049016361325, 1.2589507924678962, 6.401783861312502, -7.543752886934783, -1.8591074526400497, -8.928997965329588, -6.43569418290501, -4.530507363337004, 8.699927098013287, -6.509241118388016, -7.206145512039443, 0.07572489321879772, 6.291185934210294]"
57,393.2474489212036,511,-18.391634050880626,1.875,"[-7.636410158099602, -5.289945697148861, -1.882124283690505, -4.975148150421651, -1.701047943799317, 7.868744892576615, 3.9166519184732103, 6.337684467437011, 4.4234049016361325, 1.2589507924678962, 6.401783861312502, -7.543752886934783, -1.8591074526400497, -8.928997965329588, -6.43569418290501, -4.530507363337004, 8.699927098013287, -6.509241118388016, -7.206145512039443, 0.07572489321879772, 6.291185934210294]"
58,183.3420000076294,513,-18.420890188434047,1.875,"[-7.636410158099602, -5.289945697148861, -1.882124283690505, -4.975148150421651, -1.701047943799317, 7.868744892576615, 3.9166519184732103, 6.337684467437011, 4.4234049016361325, 1.2589507924678962, 6.401783861312502, -7.543752886934783, -1.8591074526400497, -8.928997965329588, -6.43569418290501, -4.530507363337004, 8.699927098013287, -6.509241118388016, -7.206145512039443, 0.07572489321879772, 6.291185934210294]"
59,223.21327805519104,514,-18.357814526588847,1.875,"[-7.636410158099602, -5.289945697148861, -1.882124283690505, -4.975148150421651, -1.701047943799317, 7.868744892576615, 3.9166519184732103, 6.337684467437011, 4.4234049016361325, 1.2589507924678962, 6.401783861312502, -7.543752886934783, -1.8591074526400497, -8.928997965329588, -6.43569418290501, -4.530507363337004, 8.699927098013287, -6.509241118388016, -7.206145512039443, 0.07572489321879772, 6.291185934210294]"
60,362.3716938495636,517,-18.325999355254673,1.875,"[-7.636410158099602, -5.289945697148861, -1.882124283690505, -4.975148150421651, -1.701047943799317, 7.868744892576615, 3.9166519184732103, 6.337684467437011, 4.4234049016361325, 1.2589507924678962, 6.401783861312502, -7.543752886934783, -1.8591074526400497, -8.928997965329588, -6.43569418290501, -4.530507363337004, 8.699927098013287, -6.509241118388016, -7.206145512039443, 0.07572489321879772, 6.291185934210294]"
61,220.7944314479828,518,-18.273407335907336,1.875,"[-7.636410158099602, -5.289945697148861, -1.882124283690505, -4.975148150421651, -1.701047943799317, 7.868744892576615, 3.9166519184732103, 6.337684467437011, 4.4234049016361325, 1.2589507924678962, 6.401783861312502, -7.543752886934783, -1.8591074526400497, -8.928997965329588, -6.43569418290501, -4.530507363337004, 8.699927098013287, -6.509241118388016, -7.206145512039443, 0.07572489321879772, 6.291185934210294]"
62,290.34107208251953,520,-18.218349358974358,1.875,"[-7.636410158099602, -5.289945697148861, -1.882124283690505, -4.975148150421651, -1.701047943799317, 7.868744892576615, 3.9166519184732103, 6.337684467437011, 4.4234049016361325, 1.2589507924678962, 6.401783861312502, -7.543752886934783, -1.8591074526400497, -8.928997965329588, -6.43569418290501, -4.530507363337004, 8.699927098013287, -6.509241118388016, -7.206145512039443, 0.07572489321879772, 6.291185934210294]"
63,293.7037703990936,520,-18.175721153846155,1.875,"[-7.636410158099602, -5.289945697148861, -1.882124283690505, -4.975148150421651, -1.701047943799317, 7.868744892576615, 3.9166519184732103, 6.337684467437011, 4.4234049016361325, 1.2589507924678962, 6.401783861312502, -7.543752886934783, -1.8591074526400497, -8.928997965329588, -6.43569418290501, -4.530507363337004, 8.699927098013287, -6.509241118388016, -7.206145512039443, 0.07572489321879772, 6.291185934210294]"
64,204.50870323181152,522,-18.162515964240104,1.875,"[-7.636410158099602, -5.289945697148861, -1.882124283690505, -4.975148150421651, -1.701047943799317, 7.868744892576615, 3.9166519184732103, 6.337684467437011, 4.4234049016361325, 1.2589507924678962, 6.401783861312502, -7.543752886934783, -1.8591074526400497, -8.928997965329588, -6.43569418290501, -4.530507363337004, 8.699927098013287, -6.509241118388016, -7.206145512039443, 0.07572489321879772, 6.291185934210294]"
65,224.11184072494507,524,-18.15227417302799,1.875,"[-7.636410158099602, -5.289945697148861, -1.882124283690505, -4.975148150421651, -1.701047943799317, 7.868744892576615, 3.9166519184732103, 6.337684467437011, 4.4234049016361325, 1.2589507924678962, 6.401783861312502, -7.543752886934783, -1.8591074526400497, -8.928997965329588, -6.43569418290501, -4.530507363337004, 8.699927098013287, -6.509241118388016, -7.206145512039443, 0.07572489321879772, 6.291185934210294]"
66,343.3483638763428,525,-18.152142857142856,1.875,"[-7.636410158099602, -5.289945697148861, -1.882124283690505, -4.975148150421651, -1.701047943799317, 7.868744892576615, 3.9166519184732103, 6.337684467437011, 4.4234049016361325, 1.2589507924678962, 6.401783861312502, -7.543752886934783, -1.8591074526400497, -8.928997965329588, -6.43569418290501, -4.530507363337004, 8.699927098013287, -6.509241118388016, -7.206145512039443, 0.07572489321879772, 6.291185934210294]"
67,245.9851758480072,526,-18.126584283903675,1.875,"[-7.636410158099602, -5.289945697148861, -1.882124283690505, -4.975148150421651, -1.701047943799317, 7.868744892576615, 3.9166519184732103, 6.337684467437011, 4.4234049016361325, 1.2589507924678962, 6.401783861312502, -7.543752886934783, -1.8591074526400497, -8.928997965329588, -6.43569418290501, -4.530507363337004, 8.699927098013287, -6.509241118388016, -7.206145512039443, 0.07572489321879772, 6.291185934210294]"
68,223.37314438819885,526,-18.104958808618505,1.875,"[-7.636410158099602, -5.289945697148861, -1.882124283690505, -4.975148150421651, -1.701047943799317, 7.868744892576615, 3.9166519184732103, 6.337684467437011, 4.4234049016361325, 1.2589507924678962, 6.401783861312502, -7.543752886934783, -1.8591074526400497, -8.928997965329588, -6.43569418290501, -4.530507363337004, 8.699927098013287, -6.509241118388016, -7.206145512039443, 0.07572489321879772, 6.291185934210294]"
69,183.4177758693695,528,-18.044744318181817,1.875,"[-7.636410158099602, -5.289945697148861, -1.882124283690505, -4.975148150421651, -1.701047943799317, 7.868744892576615, 3.9166519184732103, 6.337684467437011, 4.4234049016361325, 1.2589507924678962, 6.401783861312502, -7.543752886934783, -1.8591074526400497, -8.928997965329588, -6.43569418290501, -4.530507363337004, 8.699927098013287, -6.509241118388016, -7.206145512039443, 0.07572489321879772, 6.291185934210294]"
70,349.73801136016846,529,-18.0419029615627,1.875,"[-7.636410158099602, -5.289945697148861, -1.882124283690505, -4.975148150421651, -1.701047943799317, 7.868744892576615, 3.9166519184732103, 6.337684467437011, 4.4234049016361325, 1.2589507924678962, 6.401783861312502, -7.543752886934783, -1.8591074526400497, -8.928997965329588, -6.43569418290501, -4.530507363337004, 8.699927098013287, -6.509241118388016, -7.206145512039443, 0.07572489321879772, 6.291185934210294]"
71,330.8721594810486,530,-18.05196540880503,1.875,"[-7.636410158099602, -5.289945697148861, -1.882124283690505, -4.975148150421651, -1.701047943799317, 7.868744892576615, 3.9166519184732103, 6.337684467437011, 4.4234049016361325, 1.2589507924678962, 6.401783861312502, -7.543752886934783, -1.8591074526400497, -8.928997965329588, -6.43569418290501, -4.530507363337004, 8.699927098013287, -6.509241118388016, -7.206145512039443, 0.07572489321879772, 6.291185934210294]"
72,240.11413145065308,531,-18.016007532956685,1.875,"[-7.636410158099602, -5.289945697148861, -1.882124283690505, -4.975148150421651, -1.701047943799317, 7.868744892576615, 3.9166519184732103, 6.337684467437011, 4.4234049016361325, 1.2589507924678962, 6.401783861312502, -7.543752886934783, -1.8591074526400497, -8.928997965329588, -6.43569418290501, -4.530507363337004, 8.699927098013287, -6.509241118388016, -7.206145512039443, 0.07572489321879772, 6.291185934210294]"
73,181.93364906311035,531,-17.971202134337727,1.875,"[-7.636410158099602, -5.289945697148861, -1.882124283690505, -4.975148150421651, -1.701047943799317, 7.868744892576615, 3.9166519184732103, 6.337684467437011, 4.4234049016361325, 1.2589507924678962, 6.401783861312502, -7.543752886934783, -1.8591074526400497, -8.928997965329588, -6.43569418290501, -4.530507363337004, 8.699927098013287, -6.509241118388016, -7.206145512039443, 0.07572489321879772, 6.291185934210294]"
74,306.00856494903564,532,-17.96875,1.875,"[-7.636410158099602, -5.289945697148861, -1.882124283690505, -4.975148150421651, -1.701047943799317, 7.868744892576615, 3.9166519184732103, 6.337684467437011, 4.4234049016361325, 1.2589507924678962, 6.401783861312502, -7.543752886934783, -1.8591074526400497, -8.928997965329588, -6.43569418290501, -4.530507363337004, 8.699927098013287, -6.509241118388016, -7.206145512039443, 0.07572489321879772, 6.291185934210294]"
75,422.7307164669037,534,-17.88061797752809,1.875,"[-7.636410158099602, -5.289945697148861, -1.882124283690505, -4.975148150421651, -1.701047943799317, 7.868744892576615, 3.9166519184732103, 6.337684467437011, 4.4234049016361325, 1.2589507924678962, 6.401783861312502, -7.543752886934783, -1.8591074526400497, -8.928997965329588, -6.43569418290501, -4.530507363337004, 8.699927098013287, -6.509241118388016, -7.206145512039443, 0.07572489321879772, 6.291185934210294]"
76,227.37061190605164,534,-17.87234706616729,1.875,"[-7.636410158099602, -5.289945697148861, -1.882124283690505, -4.975148150421651, -1.701047943799317, 7.868744892576615, 3.9166519184732103, 6.337684467437011, 4.4234049016361325, 1.2589507924678962, 6.401783861312502, -7.543752886934783, -1.8591074526400497, -8.928997965329588, -6.43569418290501, -4.530507363337004, 8.699927098013287, -6.509241118388016, -7.206145512039443, 0.07572489321879772, 6.291185934210294]"
77,357.1380412578583,535,-17.88309968847352,1.875,"[-7.636410158099602, -5.289945697148861, -1.882124283690505, -4.975148150421651, -1.701047943799317, 7.868744892576615, 3.9166519184732103, 6.337684467437011, 4.4234049016361325, 1.2589507924678962, 6.401783861312502, -7.543752886934783, -1.8591074526400497, -8.928997965329588, -6.43569418290501, -4.530507363337004, 8.699927098013287, -6.509241118388016, -7.206145512039443, 0.07572489321879772, 6.291185934210294]"
78,176.44771599769592,536,-17.884794776119403,1.875,"[-7.636410158099602, -5.289945697148861, -1.882124283690505, -4.975148150421651, -1.701047943799317, 7.868744892576615, 3.9166519184732103, 6.337684467437011, 4.4234049016361325, 1.2589507924678962, 6.401783861312502, -7.543752886934783, -1.8591074526400497, -8.928997965329588, -6.43569418290501, -4.530507363337004, 8.699927098013287, -6.509241118388016, -7.206145512039443, 0.07572489321879772, 6.291185934210294]"
79,189.52678179740906,536,-17.866371268656717,1.875,"[-7.636410158099602, -5.289945697148861, -1.882124283690505, -4.975148150421651, -1.701047943799317, 7.868744892576615, 3.9166519184732103, 6.337684467437011, 4.4234049016361325, 1.2589507924678962, 6.401783861312502, -7.543752886934783, -1.8591074526400497, -8.928997965329588, -6.43569418290501, -4.530507363337004, 8.699927098013287, -6.509241118388016, -7.206145512039443, 0.07572489321879772, 6.291185934210294]"
80,346.85777258872986,537,-17.8574643078833,1.875,"[-7.636410158099602, -5.289945697148861, -1.882124283690505, -4.975148150421651, -1.701047943799317, 7.868744892576615, 3.9166519184732103, 6.337684467437011, 4.4234049016361325, 1.2589507924678962, 6.401783861312502, -7.543752886934783, -1.8591074526400497, -8.928997965329588, -6.43569418290501, -4.530507363337004, 8.699927098013287, -6.509241118388016, -7.206145512039443, 0.07572489321879772, 6.291185934210294]"
81,198.69455432891846,537,-17.848463687150836,1.875,"[-7.636410158099602, -5.289945697148861, -1.882124283690505, -4.975148150421651, -1.701047943799317, 7.868744892576615, 3.9166519184732103, 6.337684467437011, 4.4234049016361325, 1.2589507924678962, 6.401783861312502, -7.543752886934783, -1.8591074526400497, -8.928997965329588, -6.43569418290501, -4.530507363337004, 8.699927098013287, -6.509241118388016, -7.206145512039443, 0.07572489321879772, 6.291185934210294]"
82,189.73449110984802,538,-17.828686493184634,1.875,"[-7.636410158099602, -5.289945697148861, -1.882124283690505, -4.975148150421651, -1.701047943799317, 7.868744892576615, 3.9166519184732103, 6.337684467437011, 4.4234049016361325, 1.2589507924678962, 6.401783861312502, -7.543752886934783, -1.8591074526400497, -8.928997965329588, -6.43569418290501, -4.530507363337004, 8.699927098013287, -6.509241118388016, -7.206145512039443, 0.07572489321879772, 6.291185934210294]"
83,442.11078572273254,539,-17.81060606060606,1.875,"[-7.636410158099602, -5.289945697148861, -1.882124283690505, -4.975148150421651, -1.701047943799317, 7.868744892576615, 3.9166519184732103, 6.337684467437011, 4.4234049016361325, 1.2589507924678962, 6.401783861312502, -7.543752886934783, -1.8591074526400497, -8.928997965329588, -6.43569418290501, -4.530507363337004, 8.699927098013287, -6.509241118388016, -7.206145512039443, 0.07572489321879772, 6.291185934210294]"
84,330.95323514938354,539,-17.80751391465677,1.875,"[-7.636410158099602, -5.289945697148861, -1.882124283690505, -4.975148150421651, -1.701047943799317, 7.868744892576615, 3.9166519184732103, 6.337684467437011, 4.4234049016361325, 1.2589507924678962, 6.401783861312502, -7.543752886934783, -1.8591074526400497, -8.928997965329588, -6.43569418290501, -4.530507363337004, 8.699927098013287, -6.509241118388016, -7.206145512039443, 0.07572489321879772, 6.291185934210294]"
85,305.641446352005,541,-17.786660505237215,1.875,"[-7.636410158099602, -5.289945697148861, -1.882124283690505, -4.975148150421651, -1.701047943799317, 7.868744892576615, 3.9166519184732103, 6.337684467437011, 4.4234049016361325, 1.2589507924678962, 6.401783861312502, -7.543752886934783, -1.8591074526400497, -8.928997965329588, -6.43569418290501, -4.530507363337004, 8.699927098013287, -6.509241118388016, -7.206145512039443, 0.07572489321879772, 6.291185934210294]"
86,209.6935350894928,541,-17.75908810844116,1.875,"[-7.636410158099602, -5.289945697148861, -1.882124283690505, -4.975148150421651, -1.701047943799317, 7.868744892576615, 3.9166519184732103, 6.337684467437011, 4.4234049016361325, 1.2589507924678962, 6.401783861312502, -7.543752886934783, -1.8591074526400497, -8.928997965329588, -6.43569418290501, -4.530507363337004, 8.699927098013287, -6.509241118388016, -7.206145512039443, 0.07572489321879772, 6.291185934210294]"
87,186.71737384796143,541,-17.719192852741838,1.875,"[-7.636410158099602, -5.289945697148861, -1.882124283690505, -4.975148150421651, -1.701047943799317, 7.868744892576615, 3.9166519184732103, 6.337684467437011, 4.4234049016361325, 1.2589507924678962, 6.401783861312502, -7.543752886934783, -1.8591074526400497, -8.928997965329588, -6.43569418290501, -4.530507363337004, 8.699927098013287, -6.509241118388016, -7.206145512039443, 0.07572489321879772, 6.291185934210294]"
88,223.66514658927917,542,-17.676045510455104,1.875,"[-7.636410158099602, -5.289945697148861, -1.882124283690505, -4.975148150421651, -1.701047943799317, 7.868744892576615, 3.9166519184732103, 6.337684467437011, 4.4234049016361325, 1.2589507924678962, 6.401783861312502, -7.543752886934783, -1.8591074526400497, -8.928997965329588, -6.43569418290501, -4.530507363337004, 8.699927098013287, -6.509241118388016, -7.206145512039443, 0.07572489321879772, 6.291185934210294]"
89,181.94976425170898,542,-17.623154981549817,1.875,"[-7.636410158099602, -5.289945697148861, -1.882124283690505, -4.975148150421651, -1.701047943799317, 7.868744892576615, 3.9166519184732103, 6.337684467437011, 4.4234049016361325, 1.2589507924678962, 6.401783861312502, -7.543752886934783, -1.8591074526400497, -8.928997965329588, -6.43569418290501, -4.530507363337004, 8.699927098013287, -6.509241118388016, -7.206145512039443, 0.07572489321879772, 6.291185934210294]"
90,334.897775888443,543,-17.578575813382443,1.875,"[-7.636410158099602, -5.289945697148861, -1.882124283690505, -4.975148150421651, -1.701047943799317, 7.868744892576615, 3.9166519184732103, 6.337684467437011, 4.4234049016361325, 1.2589507924678962, 6.401783861312502, -7.543752886934783, -1.8591074526400497, -8.928997965329588, -6.43569418290501, -4.530507363337004, 8.699927098013287, -6.509241118388016, -7.206145512039443, 0.07572489321879772, 6.291185934210294]"
91,228.98390412330627,543,-17.564686924493554,1.875,"[-7.636410158099602, -5.289945697148861, -1.882124283690505, -4.975148150421651, -1.701047943799317, 7.868744892576615, 3.9166519184732103, 6.337684467437011, 4.4234049016361325, 1.2589507924678962, 6.401783861312502, -7.543752886934783, -1.8591074526400497, -8.928997965329588, -6.43569418290501, -4.530507363337004, 8.699927098013287, -6.509241118388016, -7.206145512039443, 0.07572489321879772, 6.291185934210294]"
92,359.25362515449524,545,-17.59847094801223,1.875,"[-7.636410158099602, -5.289945697148861, -1.882124283690505, -4.975148150421651, -1.701047943799317, 7.868744892576615, 3.9166519184732103, 6.337684467437011, 4.4234049016361325, 1.2589507924678962, 6.401783861312502, -7.543752886934783, -1.8591074526400497, -8.928997965329588, -6.43569418290501, -4.530507363337004, 8.699927098013287, -6.509241118388016, -7.206145512039443, 0.07572489321879772, 6.291185934210294]"
93,269.90016984939575,545,-17.585703363914373,1.875,"[-7.636410158099602, -5.289945697148861, -1.882124283690505, -4.975148150421651, -1.701047943799317, 7.868744892576615, 3.9166519184732103, 6.337684467437011, 4.4234049016361325, 1.2589507924678962, 6.401783861312502, -7.543752886934783, -1.8591074526400497, -8.928997965329588, -6.43569418290501, -4.530507363337004, 8.699927098013287, -6.509241118388016, -7.206145512039443, 0.07572489321879772, 6.291185934210294]"
94,286.4473223686218,545,-17.566896024464832,1.875,"[-7.636410158099602, -5.289945697148861, -1.882124283690505, -4.975148150421651, -1.701047943799317, 7.868744892576615, 3.9166519184732103, 6.337684467437011, 4.4234049016361325, 1.2589507924678962, 6.401783861312502, -7.543752886934783, -1.8591074526400497, -8.928997965329588, -6.43569418290501, -4.530507363337004, 8.699927098013287, -6.509241118388016, -7.206145512039443, 0.07572489321879772, 6.291185934210294]"
95,194.98517537117004,547,-17.593312004875077,1.875,"[-7.636410158099602, -5.289945697148861, -1.882124283690505, -4.975148150421651, -1.701047943799317, 7.868744892576615, 3.9166519184732103, 6.337684467437011, 4.4234049016361325, 1.2589507924678962, 6.401783861312502, -7.543752886934783, -1.8591074526400497, -8.928997965329588, -6.43569418290501, -4.530507363337004, 8.699927098013287, -6.509241118388016, -7.206145512039443, 0.07572489321879772, 6.291185934210294]"
96,278.866247177124,548,-17.599224452554743,1.875,"[-7.636410158099602, -5.289945697148861, -1.882124283690505, -4.975148150421651, -1.701047943799317, 7.868744892576615, 3.9166519184732103, 6.337684467437011, 4.4234049016361325, 1.2589507924678962, 6.401783861312502, -7.543752886934783, -1.8591074526400497, -8.928997965329588, -6.43569418290501, -4.530507363337004, 8.699927098013287, -6.509241118388016, -7.206145512039443, 0.07572489321879772, 6.291185934210294]"
97,191.24193501472473,548,-17.58447384428224,1.875,"[-7.636410158099602, -5.289945697148861, -1.882124283690505, -4.975148150421651, -1.701047943799317, 7.868744892576615, 3.9166519184732103, 6.337684467437011, 4.4234049016361325, 1.2589507924678962, 6.401783861312502, -7.543752886934783, -1.8591074526400497, -8.928997965329588, -6.43569418290501, -4.530507363337004, 8.699927098013287, -6.509241118388016, -7.206145512039443, 0.07572489321879772, 6.291185934210294]"
98,224.6672806739807,549,-17.55995749848209,1.875,"[-7.636410158099602, -5.289945697148861, -1.882124283690505, -4.975148150421651, -1.701047943799317, 7.868744892576615, 3.9166519184732103, 6.337684467437011, 4.4234049016361325, 1.2589507924678962, 6.401783861312502, -7.543752886934783, -1.8591074526400497, -8.928997965329588, -6.43569418290501, -4.530507363337004, 8.699927098013287, -6.509241118388016, -7.206145512039443, 0.07572489321879772, 6.291185934210294]"
99,260.81958746910095,549,-17.51130843958713,1.875,"[-7.636410158099602, -5.289945697148861, -1.882124283690505, -4.975148150421651, -1.701047943799317, 7.868744892576615, 3.9166519184732103, 6.337684467437011, 4.4234049016361325, 1.2589507924678962, 6.401783861312502, -7.543752886934783, -1.8591074526400497, -8.928997965329588, -6.43569418290501, -4.530507363337004, 8.699927098013287, -6.509241118388016, -7.206145512039443, 0.07572489321879772, 6.291185934210294]"
100,286.8347215652466,549,-17.500986642380084,1.875,"[-7.636410158099602, -5.289945697148861, -1.882124283690505, -4.975148150421651, -1.701047943799317, 7.868744892576615, 3.9166519184732103, 6.337684467437011, 4.4234049016361325, 1.2589507924678962, 6.401783861312502, -7.543752886934783, -1.8591074526400497, -8.928997965329588, -6.43569418290501, -4.530507363337004, 8.699927098013287, -6.509241118388016, -7.206145512039443, 0.07572489321879772, 6.291185934210294]"
