era,readout,levels_mae,movers_mae,staples_mae,overpred_rate,movers_spearman,direction_rate,overall_spearman,n_overpred_total,n_ceiling_total,buzzard_hunter
naxx_launch,a_final_unique,0.1116,0.1456,0.2352,0.0118,0.6232,0.6591,0.4451,4,4,1.0
naxx_launch,b_final_bins,0.1101,0.1447,0.2323,0.0118,0.6187,0.6545,0.4531,4,4,1.0
naxx_launch,c_final_softmax_T0.005,0.2346,0.3176,0.6674,0.1711,0.5135,0.6417,0.4604,55,50,1.0
naxx_launch,c_final_softmax_T0.01,0.2232,0.3013,0.6271,0.1538,0.5142,0.6417,0.4609,49,24,1.0
naxx_launch,c_final_softmax_T0.02,0.1995,0.2775,0.5574,0.1024,0.5138,0.6468,0.4143,34,11,1.0
naxx_launch,c_final_softmax_T0.05,0.1642,0.2376,0.4419,0.0344,0.5255,0.5881,0.3729,12,4,1.0
naxx_launch,c_final_softmax_T0.1,0.1464,0.2061,0.3667,0.0178,0.5223,0.604,0.3722,6,4,1.0
naxx_launch,c_final_softmax_T0.2,0.1265,0.1739,0.2962,0.0118,0.5713,0.6267,0.4025,4,4,1.0
naxx_launch,c_final_softmax_T0.5,0.1145,0.1523,0.2424,0.0118,0.6014,0.6467,0.4317,4,4,1.0
naxx_launch,d_pooled_last1,0.1116,0.1456,0.2352,0.0118,0.6232,0.6591,0.4451,4,4,1.0
naxx_launch,d_pooled_last3,0.1107,0.1447,0.2308,0.0116,0.621,0.6591,0.4413,4,3,0.95
naxx_launch,d_pooled_last5,0.1089,0.143,0.2309,0.0085,0.6181,0.6503,0.4448,3,2,0.88
naxx_launch,d_pooled_last10,0.1056,0.1416,0.2343,0.0055,0.632,0.6662,0.442,2,2,0.9118
naxx_launch,d_pooled_last25,0.0936,0.1295,0.2048,0.0085,0.6836,0.7255,0.5029,3,2,0.9538
naxx_launch,d_coarsen3,0.1428,0.1786,0.298,0.0217,0.5871,0.6014,0.4155,7,7,1.0
naxx_launch,d_coarsen5,0.1622,0.2101,0.346,0.0288,0.4967,0.5399,0.3568,9,10,1.0
naxx_launch,e1_pooled_softmax_T0.005,0.2312,0.3073,0.6518,0.1932,0.5113,0.6556,0.4465,62,48,0.7285
naxx_launch,e1_pooled_softmax_T0.01,0.2211,0.2908,0.6178,0.1466,0.5123,0.6644,0.4476,47,24,0.6751
naxx_launch,e1_pooled_softmax_T0.02,0.197,0.2668,0.5602,0.0955,0.5163,0.666,0.4054,32,9,0.7214
naxx_launch,e1_pooled_softmax_T0.05,0.1566,0.2282,0.4392,0.0277,0.5314,0.6598,0.3761,10,2,0.8542
naxx_launch,e1_pooled_softmax_T0.1,0.133,0.1929,0.34,0.0112,0.5613,0.6588,0.405,4,2,0.9098
naxx_launch,e1_pooled_softmax_T0.2,0.1095,0.1579,0.2455,0.0056,0.6023,0.666,0.4568,2,2,0.9335
naxx_launch,e1_pooled_softmax_T0.5,0.0969,0.1354,0.1998,0.0056,0.6572,0.6788,0.4909,2,2,0.9461
naxx_launch,e2_gen_mean,0.0944,0.1321,0.1936,0.0057,0.641,0.6688,0.5141,2,2,0.9361
naxx_launch,e3_quantile_final,0.096,0.1477,0.2439,0.0025,0.6232,0.7767,0.4433,1,0,0.8818
naxx_launch,e3_quantile_pooled25,0.0855,0.1349,0.2287,0.0025,0.6836,0.7993,0.5167,1,0,0.8732
naxx_launch,e5_massmatch_final,0.0923,0.1356,0.2772,0.0,0.6232,0.7828,0.4451,0,0,0.947
naxx_launch,e5_massmatch_pooled25,0.0819,0.1204,0.2099,0.0057,0.6836,0.7916,0.5029,2,0,0.9184
naxx_launch,e4_pooled25_inertia_a0.3,0.0623,0.1144,0.1301,0.0,0.6613,0.7255,0.6853,0,0,0.8974
naxx_launch,e4_pooled25_inertia_a0.5,0.0659,0.1078,0.134,0.003,0.6776,0.7255,0.6472,1,0,0.9135
naxx_launch,e4_pooled25_inertia_a0.7,0.0739,0.1121,0.1614,0.0057,0.681,0.7255,0.5952,2,0,0.9297
naxx_launch,f_inertia_a0.3,0.0643,0.1139,0.135,0.0,0.6585,0.6591,0.6694,0,0,0.9112
naxx_launch,f_inertia_a0.5,0.0718,0.112,0.1546,0.0029,0.6718,0.6591,0.6148,1,0,0.9366
naxx_launch,f_inertia_a0.7,0.0858,0.1206,0.1728,0.0088,0.6642,0.6591,0.5423,3,0,0.962
buzzard_nerf,a_final_unique,0.104,0.1673,0.2169,0.0082,0.5872,0.5408,0.3889,3,3,0.3182
buzzard_nerf,b_final_bins,0.1064,0.1769,0.2313,0.0082,0.5655,0.5712,0.3798,3,3,0.3077
buzzard_nerf,c_final_softmax_T0.005,0.2141,0.3184,0.5651,0.1469,0.5497,0.5608,0.4506,42,45,0.9993
buzzard_nerf,c_final_softmax_T0.01,0.2061,0.3092,0.5335,0.1447,0.5492,0.5608,0.4355,42,17,0.9675
buzzard_nerf,c_final_softmax_T0.02,0.1861,0.2797,0.4701,0.084,0.5491,0.5513,0.4132,26,7,0.7855
buzzard_nerf,c_final_softmax_T0.05,0.1445,0.2168,0.3317,0.0324,0.6043,0.5848,0.397,10,5,0.5011
buzzard_nerf,c_final_softmax_T0.1,0.122,0.1894,0.2657,0.0156,0.6103,0.6392,0.4108,5,3,0.4196
buzzard_nerf,c_final_softmax_T0.2,0.1091,0.1763,0.2434,0.0149,0.6061,0.6152,0.3996,5,3,0.383
buzzard_nerf,c_final_softmax_T0.5,0.1044,0.1694,0.2242,0.0084,0.6048,0.5993,0.3933,3,3,0.3517
buzzard_nerf,d_pooled_last1,0.104,0.1673,0.2169,0.0082,0.5872,0.5408,0.3889,3,3,0.3182
buzzard_nerf,d_pooled_last3,0.1019,0.1656,0.2115,0.0081,0.5908,0.5517,0.3931,3,3,0.3478
buzzard_nerf,d_pooled_last5,0.1014,0.1664,0.2028,0.008,0.5955,0.5358,0.3883,3,3,0.375
buzzard_nerf,d_pooled_last10,0.098,0.1631,0.1946,0.008,0.6114,0.5249,0.4179,3,3,0.4194
buzzard_nerf,d_pooled_last25,0.0908,0.1538,0.188,0.0085,0.6242,0.5186,0.4594,3,2,0.4583
buzzard_nerf,d_coarsen3,0.1296,0.1745,0.2709,0.0196,0.5951,0.6261,0.3791,6,8,0.25
buzzard_nerf,d_coarsen5,0.1684,0.2517,0.3855,0.0628,0.4285,0.5957,0.3411,19,21,0.3333
buzzard_nerf,e1_pooled_softmax_T0.005,0.2126,0.3183,0.5644,0.1461,0.5476,0.5608,0.4435,42,43,0.9993
buzzard_nerf,e1_pooled_softmax_T0.01,0.2042,0.3098,0.5308,0.1359,0.5482,0.5608,0.4225,40,16,0.9735
buzzard_nerf,e1_pooled_softmax_T0.02,0.1868,0.2842,0.4844,0.084,0.5587,0.5513,0.4152,26,7,0.8454
buzzard_nerf,e1_pooled_softmax_T0.05,0.1385,0.2147,0.3427,0.029,0.6066,0.6233,0.3992,9,3,0.6188
buzzard_nerf,e1_pooled_softmax_T0.1,0.1123,0.1786,0.2565,0.0122,0.6251,0.5884,0.4374,4,2,0.5346
buzzard_nerf,e1_pooled_softmax_T0.2,0.1004,0.1615,0.2209,0.0088,0.6149,0.563,0.459,3,2,0.499
buzzard_nerf,e1_pooled_softmax_T0.5,0.0925,0.1558,0.203,0.0086,0.6194,0.5725,0.4663,3,2,0.4767
buzzard_nerf,e2_gen_mean,0.0931,0.1523,0.1918,0.0085,0.6202,0.5104,0.4714,3,2,0.4479
buzzard_nerf,e3_quantile_final,0.0938,0.1614,0.2053,0.0,0.5872,0.5435,0.3892,0,0,0.2951
buzzard_nerf,e3_quantile_pooled25,0.0855,0.1523,0.1784,0.0,0.6242,0.5553,0.4616,0,0,0.4927
buzzard_nerf,e5_massmatch_final,0.0922,0.158,0.2183,0.0055,0.5872,0.5562,0.3889,2,0,0.2454
buzzard_nerf,e5_massmatch_pooled25,0.083,0.1492,0.196,0.0057,0.6242,0.5376,0.4594,2,0,0.3874
buzzard_nerf,e4_pooled25_inertia_a0.3,0.0506,0.108,0.102,0.0,0.7697,0.5186,0.8069,0,0,0.6512
buzzard_nerf,e4_pooled25_inertia_a0.5,0.0585,0.1101,0.1202,0.0,0.7365,0.5186,0.7047,0,0,0.5961
buzzard_nerf,e4_pooled25_inertia_a0.7,0.0715,0.1216,0.1466,0.0029,0.7056,0.5186,0.6068,1,0,0.541
buzzard_nerf,f_inertia_a0.3,0.052,0.1031,0.1074,0.0,0.7863,0.5408,0.7794,0,0,0.6092
buzzard_nerf,f_inertia_a0.5,0.0623,0.1074,0.1266,0.0,0.733,0.5408,0.6757,0,0,0.526
buzzard_nerf,f_inertia_a0.7,0.0778,0.1261,0.1549,0.0029,0.6947,0.5408,0.5716,1,0,0.4429
