card,hunter_share,mage_share,warrior_share,hunter_n_elites,mage_n_elites,warrior_n_elites
Abomination,0.0,0.0333,0.0357,23,30,28
Abusive Sergeant,0.0,0.1667,0.0714,23,30,28
Acidic Swamp Ooze,0.0,0.1667,0.1071,23,30,28
Acolyte of Pain,0.2174,0.3333,0.6429,23,30,28
Alexstrasza,0.0,0.2333,0.3214,23,30,28
Amani Berserker,0.0435,0.3667,0.0,23,30,28
Ancient Mage,0.0435,0.0,0.0,23,30,28
Animal Companion,0.8261,0.0,0.0,23,30,28
Arathi Weaponsmith,0.0,0.0,0.1429,23,30,28
Arcane Explosion,0.0,0.0333,0.0,23,30,28
Arcane Golem,0.0435,0.0333,0.0,23,30,28
Arcane Intellect,0.0,0.6,0.0,23,30,28
Arcane Missiles,0.0,0.0333,0.0,23,30,28
Arcane Shot,0.3478,0.0,0.0,23,30,28
Arcanite Reaper,0.0,0.0,0.2143,23,30,28
Archmage,0.0435,0.0,0.0357,23,30,28
Archmage Antonidas,0.0,0.1667,0.0,23,30,28
Argent Commander,0.0,0.1,0.0714,23,30,28
Argent Squire,0.0,0.0333,0.1786,23,30,28
Armorsmith,0.0,0.0,0.6429,23,30,28
Azure Drake,0.0,0.2,0.2143,23,30,28
Baron Geddon,0.0,0.0,0.1071,23,30,28
Baron Rivendare,0.0435,0.0,0.0,23,30,28
Battle Rage,0.0,0.0,0.0714,23,30,28
Big Game Hunter,0.0,0.0333,0.1786,23,30,28
Blizzard,0.0,0.3333,0.0,23,30,28
Bloodmage Thalnos,0.0435,0.2333,0.0,23,30,28
Bloodsail Raider,0.0435,0.0,0.3571,23,30,28
Bluegill Warrior,0.0435,0.0333,0.0,23,30,28
Boulderfist Ogre,0.087,0.0,0.0357,23,30,28
Brawl,0.0,0.0,0.4643,23,30,28
Cairne Bloodhoof,0.0,0.2,0.1429,23,30,28
Chillwind Yeti,0.0,0.3333,0.1071,23,30,28
Cleave,0.0,0.0,0.0714,23,30,28
Coldlight Oracle,0.0,0.0,0.0357,23,30,28
Coldlight Seer,0.0,0.0,0.0357,23,30,28
Commanding Shout,0.0,0.0,0.0714,23,30,28
Cone of Cold,0.0,0.1333,0.0,23,30,28
Counterspell,0.0,0.3333,0.0,23,30,28
Crazed Alchemist,0.0435,0.0,0.0,23,30,28
Cruel Taskmaster,0.0,0.0,1.0,23,30,28
Cult Master,0.1739,0.0,0.0714,23,30,28
Dalaran Mage,0.0,0.0333,0.0,23,30,28
Dancing Swords,0.0435,0.2333,0.0357,23,30,28
Dark Iron Dwarf,0.0,0.0,0.1071,23,30,28
Deadly Shot,0.5217,0.0,0.0,23,30,28
Death's Bite,0.0,0.0,0.6071,23,30,28
Deathlord,0.0,0.0333,0.0,23,30,28
Defender of Argus,0.2609,0.1667,0.1071,23,30,28
Dire Wolf Alpha,0.2609,0.0333,0.1786,23,30,28
Doomsayer,0.0,0.2333,0.0,23,30,28
Duplicate,0.0,0.4,0.0,23,30,28
Eaglehorn Bow,0.7391,0.0,0.0,23,30,28
Earthen Ring Farseer,0.0435,0.0,0.0,23,30,28
Echoing Ooze,0.0435,0.0,0.0,23,30,28
Elite Tauren Chieftain,0.0,0.0,0.1071,23,30,28
Elven Archer,0.0,0.0,0.0714,23,30,28
Emperor Cobra,0.0435,0.0333,0.0357,23,30,28
Ethereal Arcanist,0.0,0.0333,0.0,23,30,28
Execute,0.0,0.0,0.7857,23,30,28
Explosive Shot,0.1739,0.0,0.0,23,30,28
Explosive Trap,0.6957,0.0,0.0,23,30,28
Faceless Manipulator,0.0,0.2,0.1071,23,30,28
Feugen,0.0,0.0,0.2143,23,30,28
Fiery War Axe,0.0,0.0,0.8214,23,30,28
Fireball,0.0,0.8333,0.0,23,30,28
Flamestrike,0.0,0.8,0.0,23,30,28
Flare,0.8261,0.0,0.0,23,30,28
Flesheating Ghoul,0.0435,0.1333,0.1071,23,30,28
Freezing Trap,0.913,0.0,0.0,23,30,28
Frost Nova,0.0,0.4,0.0,23,30,28
Frostbolt,0.0,0.7,0.0,23,30,28
Frostwolf Grunt,0.0435,0.0333,0.0,23,30,28
Frostwolf Warlord,0.0,0.0,0.0357,23,30,28
Frothing Berserker,0.0,0.0,0.4286,23,30,28
Gadgetzan Auctioneer,0.0,0.0,0.0357,23,30,28
Gladiator's Longbow,0.1739,0.0,0.0,23,30,28
Gnomish Inventor,0.0,0.0333,0.1071,23,30,28
Goldshire Footman,0.0,0.1,0.0,23,30,28
Gorehowl,0.0,0.0,0.4286,23,30,28
Grimscale Oracle,0.0,0.0,0.0357,23,30,28
Grommash Hellscream,0.0,0.0,0.25,23,30,28
Harrison Jones,0.1304,0.0,0.0,23,30,28
Harvest Golem,0.087,0.6333,0.1071,23,30,28
Haunted Creeper,0.3478,0.3,0.0,23,30,28
Heroic Strike,0.0,0.0,0.0357,23,30,28
Houndmaster,0.3478,0.0,0.0,23,30,28
Hunter's Mark,0.8261,0.0,0.0,23,30,28
Ice Barrier,0.0,0.5333,0.0,23,30,28
Ice Block,0.0,0.2667,0.0,23,30,28
Ice Lance,0.0,0.3,0.0,23,30,28
Imp Master,0.0,0.0,0.0714,23,30,28
Injured Blademaster,0.0,0.0333,0.0357,23,30,28
Inner Rage,0.0,0.0,0.0357,23,30,28
Ironbeak Owl,0.1304,0.1667,0.0714,23,30,28
Ironfur Grizzly,0.0,0.0,0.1071,23,30,28
Jungle Panther,0.0435,0.0333,0.0357,23,30,28
Kel'Thuzad,0.1739,0.1333,0.1786,23,30,28
Kill Command,0.6957,0.0,0.0,23,30,28
King Krush,0.087,0.0,0.0,23,30,28
Kirin Tor Mage,0.0,0.0667,0.0,23,30,28
Knife Juggler,0.2174,0.1333,0.25,23,30,28
Kobold Geomancer,0.0,0.0,0.0714,23,30,28
Kor'kron Elite,0.0,0.0,0.3214,23,30,28
Leeroy Jenkins,0.087,0.1667,0.25,23,30,28
Leper Gnome,0.3043,0.2,0.0,23,30,28
Loatheb,0.3913,0.3333,0.3214,23,30,28
Loot Hoarder,0.3478,0.4333,0.1071,23,30,28
Lord of the Arena,0.0,0.0,0.1071,23,30,28
Lorewalker Cho,0.0435,0.0,0.0,23,30,28
Mad Bomber,0.0,0.0,0.0714,23,30,28
Mad Scientist,0.8261,0.6667,0.0,23,30,28
Maexxna,0.0435,0.0,0.0,23,30,28
Mana Addict,0.087,0.0,0.0,23,30,28
Mana Wyrm,0.0,0.4333,0.0,23,30,28
Millhouse Manastorm,0.0,0.0667,0.0,23,30,28
Mirror Entity,0.0,0.1333,0.0,23,30,28
Mirror Image,0.0,0.3,0.0,23,30,28
Misdirection,0.2174,0.0,0.0,23,30,28
Mogu'shan Warden,0.0,0.0667,0.0,23,30,28
Molten Giant,0.0,0.2667,0.0,23,30,28
Murloc Raider,0.0435,0.0,0.0714,23,30,28
Murloc Tidecaller,0.0435,0.0,0.0357,23,30,28
Nerubian Egg,0.0,0.1667,0.0,23,30,28
Novice Engineer,0.0,0.1333,0.3571,23,30,28
Oasis Snapjaw,0.0435,0.0,0.0,23,30,28
Pint-Sized Summoner,0.0,0.0333,0.0,23,30,28
Polymorph,0.0,0.6333,0.0,23,30,28
Priestess of Elune,0.0,0.0333,0.0,23,30,28
Pyroblast,0.0,0.4667,0.0,23,30,28
Questing Adventurer,0.0435,0.0,0.0,23,30,28
Raging Worgen,0.0,0.0,0.0714,23,30,28
Ragnaros the Firelord,0.2609,0.4667,0.2857,23,30,28
Rampage,0.0,0.0,0.1071,23,30,28
Ravenholdt Assassin,0.0,0.0333,0.0,23,30,28
Reckless Rocketeer,0.0,0.0333,0.0,23,30,28
River Crocolisk,0.0,0.0,0.0357,23,30,28
Savannah Highmane,0.7391,0.0,0.0,23,30,28
Scarlet Crusader,0.0,0.0333,0.0,23,30,28
Scavenging Hyena,0.3478,0.0,0.0,23,30,28
Sea Giant,0.0,0.0,0.0357,23,30,28
Secretkeeper,0.0,0.0333,0.0,23,30,28
Sen'jin Shieldmasta,0.1739,0.0333,0.25,23,30,28
Shade of Naxxramas,0.1739,0.2,0.0,23,30,28
Shattered Sun Cleric,0.0,0.0333,0.2143,23,30,28
Shield Block,0.0,0.0,0.8214,23,30,28
Shield Slam,0.0,0.0,0.6071,23,30,28
Shieldbearer,0.0,0.0333,0.1071,23,30,28
Silver Hand Knight,0.0,0.0,0.0714,23,30,28
Silverback Patriarch,0.0435,0.0,0.0,23,30,28
Slam,0.0,0.0,0.25,23,30,28
Sludge Belcher,0.4348,0.3333,0.4643,23,30,28
Snake Trap,0.0435,0.0,0.0,23,30,28
Snipe,0.1739,0.0,0.0,23,30,28
Sorcerer's Apprentice,0.0,0.1333,0.0,23,30,28
Spectral Knight,0.0,0.0,0.0357,23,30,28
Spellbreaker,0.0435,0.0,0.3571,23,30,28
Spiteful Smith,0.0,0.0,0.3214,23,30,28
Stampeding Kodo,0.2609,0.0,0.0,23,30,28
Starving Buzzard,0.4348,0.0,0.0,23,30,28
Stoneskin Gargoyle,0.0435,0.0,0.0357,23,30,28
Stonetusk Boar,0.0435,0.0,0.0357,23,30,28
Stormpike Commando,0.0,0.0333,0.0714,23,30,28
Stormwind Knight,0.0,0.2,0.0,23,30,28
Stranglethorn Tiger,0.0,0.1,0.0,23,30,28
Sunfury Protector,0.0,0.1667,0.0714,23,30,28
Sunwalker,0.0435,0.0,0.3214,23,30,28
Sylvanas Windrunner,0.0,0.0,0.25,23,30,28
Tauren Warrior,0.0,0.1,0.0,23,30,28
The Black Knight,0.1739,0.1333,0.1429,23,30,28
Thrallmar Farseer,0.087,0.0,0.0,23,30,28
Timber Wolf,0.2174,0.0,0.0,23,30,28
Tinkmaster Overspark,0.0,0.0667,0.0714,23,30,28
Tracking,0.1304,0.0,0.0,23,30,28
Tundra Rhino,0.1304,0.0,0.0,23,30,28
Undertaker,0.3043,0.1667,0.0714,23,30,28
Unleash the Hounds,0.6957,0.0,0.0,23,30,28
Unstable Ghoul,0.0,0.0,0.6071,23,30,28
Vaporize,0.0,0.0333,0.0,23,30,28
Voodoo Doctor,0.0,0.0,0.0357,23,30,28
Wailing Soul,0.0,0.0333,0.0,23,30,28
Warsong Commander,0.0,0.0,0.2143,23,30,28
Water Elemental,0.0,0.6,0.0,23,30,28
Webspinner,0.4348,0.0,0.0,23,30,28
Whirlwind,0.0,0.0,0.1786,23,30,28
Wild Pyromancer,0.2174,0.0,0.0,23,30,28
Windfury Harpy,0.087,0.0,0.0357,23,30,28
Wolfrider,0.1739,0.0333,0.1071,23,30,28
Worgen Infiltrator,0.0,0.0333,0.0357,23,30,28
Young Dragonhawk,0.0,0.0,0.0714,23,30,28
Young Priestess,0.0,0.0,0.0714,23,30,28
Youthful Brewmaster,0.0435,0.0,0.0,23,30,28
Ysera,0.1304,0.0,0.1429,23,30,28
Zombie Chow,0.0,0.1667,0.0,23,30,28
